Page Header,Poster Header,Poster,Replier Header,Reply,Replier Header,Reply,Replier Header,Reply,Poster,Page Footer,Pagination,System name,Include in sitemap,Title,Body,Meta keywords,Meta description,Meta title,Search engine friendly page name
*headerhtmlcode*,*posthtmlcode*,*question#random#*,*replyhtmlcode*,*answer#random#*,*replyhtmlcode*,*answer#random#*,*replyhtmlcode*,*answer#random#*,*metatitle*,*footerhtmlcode* (Medical Forum + Page Title),< 1.2.3.4.5 >,TopMedicalUSA-University-100,,Where can I buy a good chair,PROGRAM WILL INSERT CONTENT HERE USING ROWS A through S,*metalist*,*question#random#*  (same as Poster’s *question#random#* BUT only use first 30 words),*metatitle*,"Search engine friendly page name = *metatitle* + -##### (generate a random 5 digit number to append at the end of the text in the cell. For example, “chair ideas for hospitals-21332”)"
*headerhtmlcode*,*posthtmlcode*,*question#random#*,*replyhtmlcode*,*answer#random#*,*replyhtmlcode*,*answer#random#*,*replyhtmlcode*,*answer#random#*,*metatitle*,*footerhtmlcode* (Medical Forum + Page Title),< 1.2.3.4.5 >,TopMedicalUSA-University-100,,Where can I buy a good chair,PROGRAM WILL INSERT CONTENT HERE USING ROWS A through S,*metalist*,*question#random#*  (same as Poster’s *question#random#* BUT only use first 30 words),*metatitle*,"Search engine friendly page name = *metatitle* + -##### (generate a random 5 digit number to append at the end of the text in the cell. For example, “chair ideas for hospitals-21332”)"
*headerhtmlcode*,*posthtmlcode*,*question#random#*,*replyhtmlcode*,*answer#random#*,*replyhtmlcode*,*answer#random#*,*replyhtmlcode*,*answer#random#*,*metatitle*,*footerhtmlcode* (Medical Forum + Page Title),< 1.2.3.4.5 >,TopMedicalUSA-University-100,,Where can I buy a good chair,PROGRAM WILL INSERT CONTENT HERE USING ROWS A through S,*metalist*,*question#random#*  (same as Poster’s *question#random#* BUT only use first 30 words),*metatitle*,"Search engine friendly page name = *metatitle* + -##### (generate a random 5 digit number to append at the end of the text in the cell. For example, “chair ideas for hospitals-21332”)"
*headerhtmlcode*,*posthtmlcode*,*question#random#*,*replyhtmlcode*,*answer#random#*,*replyhtmlcode*,*answer#random#*,*replyhtmlcode*,*answer#random#*,*metatitle*,*footerhtmlcode* (Medical Forum + Page Title),< 1.2.3.4.5 >,TopMedicalUSA-University-100,,Where can I buy a good chair,PROGRAM WILL INSERT CONTENT HERE USING ROWS A through S,*metalist*,*question#random#*  (same as Poster’s *question#random#* BUT only use first 30 words),*metatitle*,"Search engine friendly page name = *metatitle* + -##### (generate a random 5 digit number to append at the end of the text in the cell. For example, “chair ideas for hospitals-21332”)"
*headerhtmlcode*,*posthtmlcode*,*question#random#*,*replyhtmlcode*,*answer#random#*,*replyhtmlcode*,*answer#random#*,*replyhtmlcode*,*answer#random#*,*metatitle*,*footerhtmlcode* (Medical Forum + Page Title),< 1.2.3.4.5 >,TopMedicalUSA-University-100,,Where can I buy a good chair,PROGRAM WILL INSERT CONTENT HERE USING ROWS A through S,*metalist*,*question#random#*  (same as Poster’s *question#random#* BUT only use first 30 words),*metatitle*,"Search engine friendly page name = *metatitle* + -##### (generate a random 5 digit number to append at the end of the text in the cell. For example, “chair ideas for hospitals-21332”)"
*headerhtmlcode*,*posthtmlcode*,*question#random#*,*replyhtmlcode*,*answer#random#*,*replyhtmlcode*,*answer#random#*,*replyhtmlcode*,*answer#random#*,*metatitle*,*footerhtmlcode* (Medical Forum + Page Title),< 1.2.3.4.5 >,TopMedicalUSA-University-100,,Where can I buy a good chair,PROGRAM WILL INSERT CONTENT HERE USING ROWS A through S,*metalist*,*question#random#*  (same as Poster’s *question#random#* BUT only use first 30 words),*metatitle*,"Search engine friendly page name = *metatitle* + -##### (generate a random 5 digit number to append at the end of the text in the cell. For example, “chair ideas for hospitals-21332”)"
*headerhtmlcode*,*posthtmlcode*,*question#random#*,*replyhtmlcode*,*answer#random#*,*replyhtmlcode*,*answer#random#*,*replyhtmlcode*,*answer#random#*,*metatitle*,*footerhtmlcode* (Medical Forum + Page Title),< 1.2.3.4.5 >,TopMedicalUSA-University-100,,Where can I buy a good chair,PROGRAM WILL INSERT CONTENT HERE USING ROWS A through S,*metalist*,*question#random#*  (same as Poster’s *question#random#* BUT only use first 30 words),*metatitle*,"Search engine friendly page name = *metatitle* + -##### (generate a random 5 digit number to append at the end of the text in the cell. For example, “chair ideas for hospitals-21332”)"
*headerhtmlcode*,*posthtmlcode*,*question#random#*,*replyhtmlcode*,*answer#random#*,*replyhtmlcode*,*answer#random#*,*replyhtmlcode*,*answer#random#*,*metatitle*,*footerhtmlcode* (Medical Forum + Page Title),< 1.2.3.4.5 >,TopMedicalUSA-University-100,,Where can I buy a good chair,PROGRAM WILL INSERT CONTENT HERE USING ROWS A through S,*metalist*,*question#random#*  (same as Poster’s *question#random#* BUT only use first 30 words),*metatitle*,"Search engine friendly page name = *metatitle* + -##### (generate a random 5 digit number to append at the end of the text in the cell. For example, “chair ideas for hospitals-21332”)"
*headerhtmlcode*,*posthtmlcode*,*question#random#*,*replyhtmlcode*,*answer#random#*,*replyhtmlcode*,*answer#random#*,*replyhtmlcode*,*answer#random#*,*metatitle*,*footerhtmlcode* (Medical Forum + Page Title),< 1.2.3.4.5 >,TopMedicalUSA-University-100,,Where can I buy a good chair,PROGRAM WILL INSERT CONTENT HERE USING ROWS A through S,*metalist*,*question#random#*  (same as Poster’s *question#random#* BUT only use first 30 words),*metatitle*,"Search engine friendly page name = *metatitle* + -##### (generate a random 5 digit number to append at the end of the text in the cell. For example, “chair ideas for hospitals-21332”)"
*headerhtmlcode*,*posthtmlcode*,*question#random#*,*replyhtmlcode*,*answer#random#*,*replyhtmlcode*,*answer#random#*,*replyhtmlcode*,*answer#random#*,*metatitle*,*footerhtmlcode* (Medical Forum + Page Title),< 1.2.3.4.5 >,TopMedicalUSA-University-100,,Where can I buy a good chair,PROGRAM WILL INSERT CONTENT HERE USING ROWS A through S,*metalist*,*question#random#*  (same as Poster’s *question#random#* BUT only use first 30 words),*metatitle*,"Search engine friendly page name = *metatitle* + -##### (generate a random 5 digit number to append at the end of the text in the cell. For example, “chair ideas for hospitals-21332”)"
*headerhtmlcode*,*posthtmlcode*,*question#random#*,*replyhtmlcode*,*answer#random#*,*replyhtmlcode*,*answer#random#*,*replyhtmlcode*,*answer#random#*,*metatitle*,*footerhtmlcode* (Medical Forum + Page Title),< 1.2.3.4.5 >,TopMedicalUSA-University-100,,Where can I buy a good chair,PROGRAM WILL INSERT CONTENT HERE USING ROWS A through S,*metalist*,*question#random#*  (same as Poster’s *question#random#* BUT only use first 30 words),*metatitle*,"Search engine friendly page name = *metatitle* + -##### (generate a random 5 digit number to append at the end of the text in the cell. For example, “chair ideas for hospitals-21332”)"
*headerhtmlcode*,*posthtmlcode*,*question#random#*,*replyhtmlcode*,*answer#random#*,*replyhtmlcode*,*answer#random#*,*replyhtmlcode*,*answer#random#*,*metatitle*,*footerhtmlcode* (Medical Forum + Page Title),< 1.2.3.4.5 >,TopMedicalUSA-University-100,,Where can I buy a good chair,PROGRAM WILL INSERT CONTENT HERE USING ROWS A through S,*metalist*,*question#random#*  (same as Poster’s *question#random#* BUT only use first 30 words),*metatitle*,"Search engine friendly page name = *metatitle* + -##### (generate a random 5 digit number to append at the end of the text in the cell. For example, “chair ideas for hospitals-21332”)"
*headerhtmlcode*,*posthtmlcode*,*question#random#*,*replyhtmlcode*,*answer#random#*,*replyhtmlcode*,*answer#random#*,*replyhtmlcode*,*answer#random#*,*metatitle*,*footerhtmlcode* (Medical Forum + Page Title),< 1.2.3.4.5 >,TopMedicalUSA-University-100,,Where can I buy a good chair,PROGRAM WILL INSERT CONTENT HERE USING ROWS A through S,*metalist*,*question#random#*  (same as Poster’s *question#random#* BUT only use first 30 words),*metatitle*,"Search engine friendly page name = *metatitle* + -##### (generate a random 5 digit number to append at the end of the text in the cell. For example, “chair ideas for hospitals-21332”)"
*headerhtmlcode*,*posthtmlcode*,*question#random#*,*replyhtmlcode*,*answer#random#*,*replyhtmlcode*,*answer#random#*,*replyhtmlcode*,*answer#random#*,*metatitle*,*footerhtmlcode* (Medical Forum + Page Title),< 1.2.3.4.5 >,TopMedicalUSA-University-100,,Where can I buy a good chair,PROGRAM WILL INSERT CONTENT HERE USING ROWS A through S,*metalist*,*question#random#*  (same as Poster’s *question#random#* BUT only use first 30 words),*metatitle*,"Search engine friendly page name = *metatitle* + -##### (generate a random 5 digit number to append at the end of the text in the cell. For example, “chair ideas for hospitals-21332”)"
*headerhtmlcode*,*posthtmlcode*,*question#random#*,*replyhtmlcode*,*answer#random#*,*replyhtmlcode*,*answer#random#*,*replyhtmlcode*,*answer#random#*,*metatitle*,*footerhtmlcode* (Medical Forum + Page Title),< 1.2.3.4.5 >,TopMedicalUSA-University-100,,Where can I buy a good chair,PROGRAM WILL INSERT CONTENT HERE USING ROWS A through S,*metalist*,*question#random#*  (same as Poster’s *question#random#* BUT only use first 30 words),*metatitle*,"Search engine friendly page name = *metatitle* + -##### (generate a random 5 digit number to append at the end of the text in the cell. For example, “chair ideas for hospitals-21332”)"
*headerhtmlcode*,*posthtmlcode*,*question#random#*,*replyhtmlcode*,*answer#random#*,*replyhtmlcode*,*answer#random#*,*replyhtmlcode*,*answer#random#*,*metatitle*,*footerhtmlcode* (Medical Forum + Page Title),< 1.2.3.4.5 >,TopMedicalUSA-University-100,,Where can I buy a good chair,PROGRAM WILL INSERT CONTENT HERE USING ROWS A through S,*metalist*,*question#random#*  (same as Poster’s *question#random#* BUT only use first 30 words),*metatitle*,"Search engine friendly page name = *metatitle* + -##### (generate a random 5 digit number to append at the end of the text in the cell. For example, “chair ideas for hospitals-21332”)"
*headerhtmlcode*,*posthtmlcode*,*question#random#*,*replyhtmlcode*,*answer#random#*,*replyhtmlcode*,*answer#random#*,*replyhtmlcode*,*answer#random#*,*metatitle*,*footerhtmlcode* (Medical Forum + Page Title),< 1.2.3.4.5 >,TopMedicalUSA-University-100,,Where can I buy a good chair,PROGRAM WILL INSERT CONTENT HERE USING ROWS A through S,*metalist*,*question#random#*  (same as Poster’s *question#random#* BUT only use first 30 words),*metatitle*,"Search engine friendly page name = *metatitle* + -##### (generate a random 5 digit number to append at the end of the text in the cell. For example, “chair ideas for hospitals-21332”)"
*headerhtmlcode*,*posthtmlcode*,*question#random#*,*replyhtmlcode*,*answer#random#*,*replyhtmlcode*,*answer#random#*,*replyhtmlcode*,*answer#random#*,*metatitle*,*footerhtmlcode* (Medical Forum + Page Title),< 1.2.3.4.5 >,TopMedicalUSA-University-100,,Where can I buy a good chair,PROGRAM WILL INSERT CONTENT HERE USING ROWS A through S,*metalist*,*question#random#*  (same as Poster’s *question#random#* BUT only use first 30 words),*metatitle*,"Search engine friendly page name = *metatitle* + -##### (generate a random 5 digit number to append at the end of the text in the cell. For example, “chair ideas for hospitals-21332”)"
*headerhtmlcode*,*posthtmlcode*,*question#random#*,*replyhtmlcode*,*answer#random#*,*replyhtmlcode*,*answer#random#*,*replyhtmlcode*,*answer#random#*,*metatitle*,*footerhtmlcode* (Medical Forum + Page Title),< 1.2.3.4.5 >,TopMedicalUSA-University-100,,Where can I buy a good chair,PROGRAM WILL INSERT CONTENT HERE USING ROWS A through S,*metalist*,*question#random#*  (same as Poster’s *question#random#* BUT only use first 30 words),*metatitle*,"Search engine friendly page name = *metatitle* + -##### (generate a random 5 digit number to append at the end of the text in the cell. For example, “chair ideas for hospitals-21332”)"
*headerhtmlcode*,*posthtmlcode*,*question#random#*,*replyhtmlcode*,*answer#random#*,*replyhtmlcode*,*answer#random#*,*replyhtmlcode*,*answer#random#*,*metatitle*,*footerhtmlcode* (Medical Forum + Page Title),< 1.2.3.4.5 >,TopMedicalUSA-University-100,,Where can I buy a good chair,PROGRAM WILL INSERT CONTENT HERE USING ROWS A through S,*metalist*,*question#random#*  (same as Poster’s *question#random#* BUT only use first 30 words),*metatitle*,"Search engine friendly page name = *metatitle* + -##### (generate a random 5 digit number to append at the end of the text in the cell. For example, “chair ideas for hospitals-21332”)"
*headerhtmlcode*,*posthtmlcode*,*question#random#*,*replyhtmlcode*,*answer#random#*,*replyhtmlcode*,*answer#random#*,*replyhtmlcode*,*answer#random#*,*metatitle*,*footerhtmlcode* (Medical Forum + Page Title),< 1.2.3.4.5 >,TopMedicalUSA-University-100,,Where can I buy a good chair,PROGRAM WILL INSERT CONTENT HERE USING ROWS A through S,*metalist*,*question#random#*  (same as Poster’s *question#random#* BUT only use first 30 words),*metatitle*,"Search engine friendly page name = *metatitle* + -##### (generate a random 5 digit number to append at the end of the text in the cell. For example, “chair ideas for hospitals-21332”)"
*headerhtmlcode*,*posthtmlcode*,*question#random#*,*replyhtmlcode*,*answer#random#*,*replyhtmlcode*,*answer#random#*,*replyhtmlcode*,*answer#random#*,*metatitle*,*footerhtmlcode* (Medical Forum + Page Title),< 1.2.3.4.5 >,TopMedicalUSA-University-100,,Where can I buy a good chair,PROGRAM WILL INSERT CONTENT HERE USING ROWS A through S,*metalist*,*question#random#*  (same as Poster’s *question#random#* BUT only use first 30 words),*metatitle*,"Search engine friendly page name = *metatitle* + -##### (generate a random 5 digit number to append at the end of the text in the cell. For example, “chair ideas for hospitals-21332”)"
*headerhtmlcode*,*posthtmlcode*,*question#random#*,*replyhtmlcode*,*answer#random#*,*replyhtmlcode*,*answer#random#*,*replyhtmlcode*,*answer#random#*,*metatitle*,*footerhtmlcode* (Medical Forum + Page Title),< 1.2.3.4.5 >,TopMedicalUSA-University-100,,Where can I buy a good chair,PROGRAM WILL INSERT CONTENT HERE USING ROWS A through S,*metalist*,*question#random#*  (same as Poster’s *question#random#* BUT only use first 30 words),*metatitle*,"Search engine friendly page name = *metatitle* + -##### (generate a random 5 digit number to append at the end of the text in the cell. For example, “chair ideas for hospitals-21332”)"
*headerhtmlcode*,*posthtmlcode*,*question#random#*,*replyhtmlcode*,*answer#random#*,*replyhtmlcode*,*answer#random#*,*replyhtmlcode*,*answer#random#*,*metatitle*,*footerhtmlcode* (Medical Forum + Page Title),< 1.2.3.4.5 >,TopMedicalUSA-University-100,,Where can I buy a good chair,PROGRAM WILL INSERT CONTENT HERE USING ROWS A through S,*metalist*,*question#random#*  (same as Poster’s *question#random#* BUT only use first 30 words),*metatitle*,"Search engine friendly page name = *metatitle* + -##### (generate a random 5 digit number to append at the end of the text in the cell. For example, “chair ideas for hospitals-21332”)"
